{"name":"7367ff21-de82-4804-a200-63fc13437c11","id":"/providers/Microsoft.Flow/flows/7367ff21-de82-4804-a200-63fc13437c11","type":"Microsoft.Flow/flows","properties":{"apiId":"/providers/Microsoft.PowerApps/apis/shared_logicflows","displayName":"Workflow Setup - DAX","definition":{"metadata":{"workflowEntityId":null,"processAdvisorMetadata":null,"flowChargedByPaygo":null,"flowclientsuspensionreason":"None","flowclientsuspensiontime":null,"flowclientsuspensionreasondetails":null,"creator":{"id":"bd3d87bd-f25a-4758-bd69-8c8bc53cce23","type":"User","tenantId":"9efa3bdf-67ad-47e3-8dfb-d1df79a6d7fa"},"provisioningMethod":"FromDefinition","failureAlertSubscription":true,"clientLastModifiedTime":"2024-04-07T18:21:08.6546177Z","connectionKeySavedTimeKey":"2024-04-07T18:21:08.6546177Z"},"$schema":"https://schema.management.azure.com/providers/Microsoft.Logic/schemas/2016-06-01/workflowdefinition.json#","contentVersion":"1.0.0.0","parameters":{"$authentication":{"defaultValue":{},"type":"SecureObject"},"$connections":{"defaultValue":{},"type":"Object"}},"triggers":{"Catch_Business_Event_Request":{"type":"OpenApiConnectionWebhook","inputs":{"parameters":{"dataset":"test.axcloud.dynamics.com","businesseventcategory":"Workflow workitem","businessevent":"DAXMobileWorkflowGeneralBusinessEvent"},"host":{"apiId":"/providers/Microsoft.PowerApps/apis/shared_dynamicsax","connectionName":"shared_dynamicsax","operationId":"SubscribeOnABusinessEvent"},"authentication":"@parameters('$authentication')"}}},"actions":{"Data_from_Contract":{"runAfter":{},"type":"ParseJson","inputs":{"content":"@triggerBody()","schema":{"type":"object","properties":{"AttachedDocuments":{},"BusinessEventId":{"type":"string"},"BusinessEventLegalEntity":{"type":"string"},"ContextRecId":{"type":"integer"},"ContextRecordSubject":{"type":"string"},"ControlNumber":{"type":"integer"},"CustomData":{},"CustomSubject":{"type":"string"},"EventCategory":{"type":"string"},"EventId":{"type":"string"},"EventTime":{"type":"string"},"EventTimeIso8601":{"type":"string"},"FileNames":{},"InitiatingUserAADObjectId":{"type":"string"},"IsActive":{"type":"string"},"LinkToWeb":{"type":"string"},"ListOfOutcomes":{},"MajorVersion":{"type":"integer"},"MinorVersion":{"type":"integer"},"OutcomeName":{"type":"string"},"ParentContextRecordSubjects":{},"RecordCompanyId":{"type":"string"},"RecordRefRecId":{"type":"string"},"RecordRefTableId":{"type":"string"},"RecordRefTableName":{"type":"string"},"SerializedWorkflowDocumentData":{},"WorkflowComment":{"type":"string"},"WorkflowConfigurationId":{"type":"string"},"WorkflowCorrelationId":{"type":"string"},"WorkflowCreatedDateTime":{"type":"string"},"WorkflowDocument":{"type":"string"},"WorkflowDueDate":{"type":"string"},"WorkflowInstanceId":{"type":"string"},"WorkflowLastActionUser":{"type":"string"},"WorkflowOriginator":{"type":"string"},"WorkflowOwner":{"type":"string"},"WorkflowSequenceNumber":{"type":"string"},"WorkflowStepInstruction":{"type":"string"},"WorkflowTemplateName":{"type":"string"},"WorkflowUserEmail":{"type":"string"},"WorkflowVersion":{"type":"string"},"WorkflowWorkItemInstanceId":{"type":"string"},"WorkflowWorkItemSubject":{"type":"string"},"WorkitemOwner":{"type":"string"}}}}},"Filter_Outcomes":{"runAfter":{"Data_from_Contract":["Succeeded"]},"type":"Query","inputs":{"from":"@body('Data_from_Contract')?['ListOfOutcomes']","where":"@not(equals('Delegate',item()))"}},"init_FilteredOutcomes":{"runAfter":{"Filter_Outcomes":["Succeeded"]},"type":"InitializeVariable","inputs":{"variables":[{"name":"filteredOutcomes","type":"array","value":"@body('Filter_Outcomes')"}]}},"init_DocumentArrayFinal":{"runAfter":{"init_FilteredOutcomes":["Succeeded"]},"type":"InitializeVariable","inputs":{"variables":[{"name":"documentArrayFinal","type":"array"}]}},"init_DocumentExists":{"runAfter":{"init_DocumentArrayFinal":["Succeeded"]},"type":"InitializeVariable","inputs":{"variables":[{"name":"documentExists","type":"boolean","value":false}]}},"init_Loop":{"runAfter":{"init_DocumentExists":["Succeeded"]},"type":"InitializeVariable","inputs":{"variables":[{"name":"loop","type":"integer","value":0}]}},"init_ArrayLength":{"runAfter":{"init_Loop":["Succeeded"]},"type":"InitializeVariable","inputs":{"variables":[{"name":"ArrayLength","type":"integer","value":0}]}},"init_FileNamesArray":{"runAfter":{"init_ArrayLength":["Succeeded"]},"type":"InitializeVariable","inputs":{"variables":[{"name":"fileNames","type":"array","value":"@body('Data_from_Contract')?['FileNames']"}]}},"init_DocumentsArray":{"runAfter":{"init_FileNamesArray":["Succeeded"]},"type":"InitializeVariable","inputs":{"variables":[{"name":"attachedDocuments","type":"array","value":"@body('Data_from_Contract')?['AttachedDocuments']"}]}},"Condition":{"actions":{"BreakToNewLine":{"type":"Join","inputs":{"from":"@body('Data_from_Contract')?['CustomData']","joinWith":"@decodeUriComponent('%0A')"}},"Check_Array":{"actions":{"Set_documentExistsTrue":{"type":"SetVariable","inputs":{"name":"documentExists","value":true}},"set_ArrayLength":{"runAfter":{"Set_documentExistsTrue":["Succeeded"]},"type":"SetVariable","inputs":{"name":"ArrayLength","value":"@length(body('Data_From_Contract')?['AttachedDocuments'])"}}},"runAfter":{"BreakToNewLine":["Succeeded"]},"else":{"actions":{"Set_documentExistsFalse":{"type":"SetVariable","inputs":{"name":"documentExists","value":false}}}},"expression":{"and":[{"not":{"equals":["@length(body('Data_From_Contract')?['AttachedDocuments'])",0]}}]},"type":"If"},"DocumentExistsControl":{"actions":{"Do_until":{"actions":{"Append_to_array_variable":{"type":"AppendToArrayVariable","inputs":{"name":"documentArrayFinal","value":{"Name":"@variables('fileNames')[variables('loop')]","Content":"@variables('attachedDocuments')[variables('loop')]"}}},"Increment_variable":{"runAfter":{"Append_to_array_variable":["Succeeded"]},"type":"IncrementVariable","inputs":{"name":"loop","value":1}}},"expression":"@equals(variables('loop'),variables('ArrayLength'))","limit":{"count":60,"timeout":"PT1H"},"type":"Until"},"Validate_Workitem_with_Document":{"runAfter":{"Do_until":["Succeeded"]},"type":"OpenApiConnection","inputs":{"parameters":{"dataset":"test.axcloud.dynamics.com","procedure":"WorkflowWorkItems/Microsoft.Dynamics.DataEntities.validate","parameters/WorkflowWorkItemInstanceId":"@body('Data_from_Contract')?['WorkflowWorkItemInstanceId']"},"host":{"apiId":"/providers/Microsoft.PowerApps/apis/shared_dynamicsax","connectionName":"shared_dynamicsax","operationId":"ExecuteProcedure"},"authentication":"@parameters('$authentication')"}},"Workitem_validated_with_document":{"actions":{"Feedback_Create_Action":{"type":"OpenApiConnection","inputs":{"parameters":{"dataset":"test.axcloud.dynamics.com","procedure":"DAXMobileWorkflowFeedbacks/Microsoft.Dynamics.DataEntities.CreateFlowRun","parameters/_environmentName":"@{workflow()?['tags']['environmentName']}","parameters/_flowName":"@{workflow()?['name']}","parameters/_flowRunId":"@{workflow()?['run']['name']}","parameters/_refRecId":"@body('Data_from_Contract')?['RecordRefRecId']","parameters/_RefTableId":"@body('Data_from_Contract')?['RecordRefTableId']","parameters/_refCompanyId":"@body('Data_from_Contract')?['RecordCompanyId']"},"host":{"apiId":"/providers/Microsoft.PowerApps/apis/shared_dynamicsax","connectionName":"shared_dynamicsax","operationId":"ExecuteProcedure"},"authentication":"@parameters('$authentication')"}},"Start_and_wait_for_an_approval_-_Document":{"runAfter":{"Feedback_Create_Action":["Succeeded"]},"limit":{"timeout":"P2D"},"type":"OpenApiConnectionWebhook","inputs":{"parameters":{"approvalType":"CustomResponse","WebhookApprovalCreationInput/responseOptions":"@variables('filteredOutcomes')","WebhookApprovalCreationInput/title":"@body('Data_from_Contract')?['CustomSubject']","WebhookApprovalCreationInput/assignedTo":"@body('Data_from_Contract')?['WorkflowUserEmail']","WebhookApprovalCreationInput/details":"@body('BreakToNewLine')","WebhookApprovalCreationInput/itemLink":"@body('Data_from_Contract')?['LinkToWeb']","WebhookApprovalCreationInput/itemLinkDescription":"@body('Data_from_Contract')?['WorkflowDocument']","WebhookApprovalCreationInput/enableNotifications":true,"WebhookApprovalCreationInput/enableReassignment":false,"WebhookApprovalCreationInput/attachments":"@variables('documentArrayFinal')"},"host":{"apiId":"/providers/Microsoft.PowerApps/apis/shared_approvals","connectionName":"shared_approvals","operationId":"StartAndWaitForAnApproval"},"authentication":"@parameters('$authentication')"}},"Apply_to_each_Approve":{"foreach":"@body('Start_and_wait_for_an_approval_-_Document')?['responses']","actions":{"For_each":{"foreach":"@outputs('Start_and_wait_for_an_approval_-_Document')?['body']?['responses']","actions":{"Execute_action_Approve":{"type":"OpenApiConnection","inputs":{"parameters":{"dataset":"test.axcloud.dynamics.com","procedure":"WorkflowWorkItems/Microsoft.Dynamics.DataEntities.complete","parameters/WorkflowWorkItemInstanceId":"@body('Data_from_Contract')?['WorkflowWorkItemInstanceId']","parameters/Outcome":"@body('Start_and_wait_for_an_approval_-_Document')?['outcome']","parameters/Comment":"@item()?['comments']","parameters/TargetUser":"@body('Data_from_Contract')?['WorkitemOwner']","parameters/RunAsUser":"@body('Data_from_Contract')?['WorkitemOwner']"},"host":{"apiId":"/providers/Microsoft.PowerApps/apis/shared_dynamicsax","connectionName":"shared_dynamicsax","operationId":"ExecuteProcedure"},"authentication":"@parameters('$authentication')"}},"Delete_Feedback_Record_-_2":{"runAfter":{"Execute_action_Approve":["Succeeded"]},"type":"OpenApiConnection","inputs":{"parameters":{"dataset":"test.axcloud.dynamics.com","procedure":"DAXMobileWorkflowFeedbacks/Microsoft.Dynamics.DataEntities.deleteFlowRun","parameters/_environmentName":"@{workflow()?['tags']['environmentName']}","parameters/_flowName":"@{workflow()?['name']}","parameters/_flowRunId":"@{workflow()?['run']['name']}"},"host":{"apiId":"/providers/Microsoft.PowerApps/apis/shared_dynamicsax","connectionName":"shared_dynamicsax","operationId":"ExecuteProcedure"},"authentication":"@parameters('$authentication')"}}},"type":"Foreach"}},"runAfter":{"Start_and_wait_for_an_approval_-_Document":["Succeeded"]},"type":"Foreach"},"Delete_Feedback_Record":{"runAfter":{"Start_and_wait_for_an_approval_-_Document":["TimedOut","Failed"]},"type":"OpenApiConnection","inputs":{"parameters":{"dataset":"test.axcloud.dynamics.com","procedure":"DAXMobileWorkflowFeedbacks/Microsoft.Dynamics.DataEntities.deleteFlowRun","parameters/_environmentName":"@{workflow()?['tags']['environmentName']}","parameters/_flowName":"@{workflow()?['name']}","parameters/_flowRunId":"@{workflow()?['run']['name']}"},"host":{"apiId":"/providers/Microsoft.PowerApps/apis/shared_dynamicsax","connectionName":"shared_dynamicsax","operationId":"ExecuteProcedure"},"authentication":"@parameters('$authentication')"}}},"runAfter":{"Validate_Workitem_with_Document":["Succeeded"]},"else":{"actions":{"Validate_fail_document":{"type":"Terminate","inputs":{"runStatus":"Failed"}}}},"expression":{"and":[{"equals":["",""]}]},"type":"If"}},"runAfter":{"Check_Array":["Succeeded"]},"else":{"actions":{"Validate_Workitem_without_Document":{"type":"OpenApiConnection","inputs":{"parameters":{"dataset":"test.axcloud.dynamics.com","procedure":"WorkflowWorkItems/Microsoft.Dynamics.DataEntities.validate","parameters/WorkflowWorkItemInstanceId":"@body('Data_from_Contract')?['WorkflowWorkItemInstanceId']"},"host":{"apiId":"/providers/Microsoft.PowerApps/apis/shared_dynamicsax","connectionName":"shared_dynamicsax","operationId":"ExecuteProcedure"},"authentication":"@parameters('$authentication')"}},"Workitem_validated_without_document":{"actions":{"Feedback_Create_Action_-_NonDocument":{"type":"OpenApiConnection","inputs":{"parameters":{"dataset":"test.axcloud.dynamics.com","procedure":"DAXMobileWorkflowFeedbacks/Microsoft.Dynamics.DataEntities.CreateFlowRun","parameters/_environmentName":"@{workflow()?['tags']['environmentName']}","parameters/_flowName":"@{workflow()?['name']}","parameters/_flowRunId":"@{workflow()?['run']['name']}","parameters/_refRecId":"@body('Data_from_Contract')?['RecordRefRecId']","parameters/_RefTableId":"@body('Data_from_Contract')?['RecordRefTableId']","parameters/_refCompanyId":"@body('Data_from_Contract')?['RecordCompanyId']"},"host":{"apiId":"/providers/Microsoft.PowerApps/apis/shared_dynamicsax","connectionName":"shared_dynamicsax","operationId":"ExecuteProcedure"},"authentication":"@parameters('$authentication')"}},"Start_and_wait_for_an_approval_-_NonDocument":{"runAfter":{"Feedback_Create_Action_-_NonDocument":["Succeeded"]},"limit":{"timeout":"P2D"},"type":"OpenApiConnectionWebhook","inputs":{"parameters":{"approvalType":"CustomResponse","WebhookApprovalCreationInput/responseOptions":"@variables('filteredOutcomes')","WebhookApprovalCreationInput/title":"@body('Data_from_Contract')?['CustomSubject']","WebhookApprovalCreationInput/assignedTo":"@body('Data_from_Contract')?['WorkflowUserEmail']","WebhookApprovalCreationInput/details":"@{body('Data_from_Contract')?['CustomData']}","WebhookApprovalCreationInput/itemLink":"@body('Data_from_Contract')?['LinkToWeb']","WebhookApprovalCreationInput/itemLinkDescription":"@body('Data_from_Contract')?['WorkflowDocument']","WebhookApprovalCreationInput/enableNotifications":true,"WebhookApprovalCreationInput/enableReassignment":false},"host":{"apiId":"/providers/Microsoft.PowerApps/apis/shared_approvals","connectionName":"shared_approvals","operationId":"StartAndWaitForAnApproval"},"authentication":"@parameters('$authentication')"}},"Apply_to_each_Approve_-_NonDocument":{"foreach":"@body('Start_and_wait_for_an_approval_-_NonDocument')?['responses']","actions":{"For_each_1":{"foreach":"@outputs('Start_and_wait_for_an_approval_-_NonDocument')?['body']?['responses']","actions":{"Execute_action_Approve_-_NonDocument":{"type":"OpenApiConnection","inputs":{"parameters":{"dataset":"test.axcloud.dynamics.com","procedure":"WorkflowWorkItems/Microsoft.Dynamics.DataEntities.complete","parameters/WorkflowWorkItemInstanceId":"@body('Data_from_Contract')?['WorkflowWorkItemInstanceId']","parameters/Outcome":"@body('Start_and_wait_for_an_approval_-_NonDocument')?['outcome']","parameters/Comment":"@item()?['comments']","parameters/TargetUser":"@body('Data_from_Contract')?['WorkitemOwner']","parameters/RunAsUser":"@body('Data_from_Contract')?['WorkitemOwner']"},"host":{"apiId":"/providers/Microsoft.PowerApps/apis/shared_dynamicsax","connectionName":"shared_dynamicsax","operationId":"ExecuteProcedure"},"authentication":"@parameters('$authentication')"}},"Delete_Feedback_Record_-_3":{"runAfter":{"Execute_action_Approve_-_NonDocument":["Succeeded"]},"type":"OpenApiConnection","inputs":{"parameters":{"dataset":"test.axcloud.dynamics.com","procedure":"DAXMobileWorkflowFeedbacks/Microsoft.Dynamics.DataEntities.deleteFlowRun","parameters/_environmentName":"@{workflow()?['tags']['environmentName']}","parameters/_flowName":"@{workflow()?['name']}","parameters/_flowRunId":"@{workflow()?['run']['name']}"},"host":{"apiId":"/providers/Microsoft.PowerApps/apis/shared_dynamicsax","connectionName":"shared_dynamicsax","operationId":"ExecuteProcedure"},"authentication":"@parameters('$authentication')"}}},"type":"Foreach"}},"runAfter":{"Start_and_wait_for_an_approval_-_NonDocument":["Succeeded"]},"type":"Foreach"},"Delete_Feedback_Record_-_4":{"runAfter":{"Start_and_wait_for_an_approval_-_NonDocument":["TimedOut","Failed"]},"type":"OpenApiConnection","inputs":{"parameters":{"dataset":"test.axcloud.dynamics.com","procedure":"DAXMobileWorkflowFeedbacks/Microsoft.Dynamics.DataEntities.deleteFlowRun","parameters/_environmentName":"@{workflow()?['tags']['environmentName']}","parameters/_flowName":"@{workflow()?['name']}","parameters/_flowRunId":"@{workflow()?['run']['name']}"},"host":{"apiId":"/providers/Microsoft.PowerApps/apis/shared_dynamicsax","connectionName":"shared_dynamicsax","operationId":"ExecuteProcedure"},"authentication":"@parameters('$authentication')"}}},"runAfter":{"Validate_Workitem_without_Document":["Succeeded"]},"else":{"actions":{"Validate_fail_non-document":{"type":"Terminate","inputs":{"runStatus":"Failed"}}}},"expression":{"and":[{"equals":["@outputs('Validate_Workitem_without_Document')?['body/OutputParameters']?['value']","True"]}]},"type":"If"}}},"expression":{"and":[{"equals":["@variables('documentExists')",true]}]},"type":"If"}},"runAfter":{"init_DocumentsArray":["Succeeded"]},"else":{"actions":{"Terminate":{"type":"Terminate","inputs":{"runStatus":"Cancelled"}}}},"expression":{"and":[{"equals":["@body('Data_from_Contract')?['IsActive']","Yes"]}]},"type":"If"}},"outputs":{}},"connectionReferences":{"shared_dynamicsax":{"connectionName":"shared-dynamicsax-fa360304-0b0f-4c4e-8ac3-ee206d28726c","source":"Embedded","id":"/providers/Microsoft.PowerApps/apis/shared_dynamicsax","tier":"NotSpecified"},"shared_approvals":{"connectionName":"shared-approvals-3a760566-f87e-401a-b41d-59cbd73e53ab","source":"Embedded","id":"/providers/Microsoft.PowerApps/apis/shared_approvals","tier":"NotSpecified"}},"flowFailureAlertSubscribed":false,"isManaged":false}}