{"name":"cbb9ea15-2654-4dc1-9b3a-a47dd63e1875","id":"/providers/Microsoft.Flow/flows/cbb9ea15-2654-4dc1-9b3a-a47dd63e1875","type":"Microsoft.Flow/flows","properties":{"apiId":"/providers/Microsoft.PowerApps/apis/shared_logicflows","displayName":"Feedback Cancel - DAX","definition":{"metadata":{"workflowEntityId":null,"processAdvisorMetadata":null,"flowChargedByPaygo":null,"flowclientsuspensionreason":"None","flowclientsuspensiontime":null,"flowclientsuspensionreasondetails":null,"creator":{"id":"bd3d87bd-f25a-4758-bd69-8c8bc53cce23","type":"User","tenantId":"9efa3bdf-67ad-47e3-8dfb-d1df79a6d7fa"},"provisioningMethod":"FromDefinition","failureAlertSubscription":true,"clientLastModifiedTime":"2024-04-07T18:38:36.2215134Z","connectionKeySavedTimeKey":"2024-04-07T18:38:36.2215134Z"},"$schema":"https://schema.management.azure.com/providers/Microsoft.Logic/schemas/2016-06-01/workflowdefinition.json#","contentVersion":"1.0.0.0","parameters":{"$authentication":{"defaultValue":{},"type":"SecureObject"},"$connections":{"defaultValue":{},"type":"Object"}},"triggers":{"Catch_Business_Event":{"type":"OpenApiConnectionWebhook","inputs":{"parameters":{"dataset":"test.axcloud.dynamics.com","businesseventcategory":"General","businessevent":"DAXMobileWorkflowFeedbackBusinessEvent"},"host":{"apiId":"/providers/Microsoft.PowerApps/apis/shared_dynamicsax","connectionName":"shared_dynamicsax","operationId":"SubscribeOnABusinessEvent"},"authentication":"@parameters('$authentication')"}}},"actions":{"Data":{"runAfter":{},"type":"ParseJson","inputs":{"content":"@triggerBody()","schema":{"type":"object","properties":{"BusinessEventId":{"type":"string"},"BusinessEventLegalEntity":{"type":"string"},"ContextRecordSubject":{"type":"string"},"ControlNumber":{"type":"integer"},"EnvironmentName":{"type":"string"},"EventId":{"type":"string"},"EventTime":{"type":"string"},"EventTimeIso8601":{"type":"string"},"FlowId":{"type":"string"},"FlowRunId":{"type":"string"},"InitiatingUserAADObjectId":{"type":"string"},"MajorVersion":{"type":"integer"},"MinorVersion":{"type":"integer"},"ParentContextRecordSubjects":{}}}}},"Cancel_Flow_Run":{"runAfter":{"Data":["Succeeded"]},"type":"OpenApiConnection","inputs":{"parameters":{"environmentName":"@body('Data')?['EnvironmentName']","flowName":"@body('Data')?['FlowId']","runId":"@body('Data')?['FlowRunId']"},"host":{"apiId":"/providers/Microsoft.PowerApps/apis/shared_flowmanagement","connectionName":"shared_flowmanagement","operationId":"CancelFlowRun"},"authentication":"@parameters('$authentication')"}},"Execute_action_-_Delete_Feedback":{"runAfter":{"Cancel_Flow_Run":["Succeeded"]},"type":"OpenApiConnection","inputs":{"parameters":{"dataset":"test.axcloud.dynamics.com","procedure":"DAXMobileWorkflowFeedbacks/Microsoft.Dynamics.DataEntities.deleteFlowRun","parameters/_environmentName":"@body('Data')?['EnvironmentName']","parameters/_flowName":"@body('Data')?['FlowId']","parameters/_flowRunId":"@body('Data')?['FlowRunId']"},"host":{"apiId":"/providers/Microsoft.PowerApps/apis/shared_dynamicsax","connectionName":"shared_dynamicsax","operationId":"ExecuteProcedure"},"authentication":"@parameters('$authentication')"}}},"outputs":{}},"connectionReferences":{"shared_dynamicsax":{"connectionName":"shared-dynamicsax-fa360304-0b0f-4c4e-8ac3-ee206d28726c","source":"Embedded","id":"/providers/Microsoft.PowerApps/apis/shared_dynamicsax","tier":"NotSpecified"},"shared_flowmanagement":{"connectionName":"shared-flowmanagemen-4886e0a7-9b70-4d35-a544-3e4c77ac4974","source":"Embedded","id":"/providers/Microsoft.PowerApps/apis/shared_flowmanagement","tier":"NotSpecified"}},"flowFailureAlertSubscribed":false,"isManaged":false}}